Name,Album,Artist
Fearless Pt. II,NCS: The Best of 2017,Various Artists
Fearless,Fearless,Lost Sky
Ark,Ark,Star Party
Supersonic,Supersonic,Rob Gasser
Fearless Pt. II,NCS: The Best of 2017,Various Artists
Mortals,Mortals,Warriyo
Horizon,Dying Light (Original Game Soundtrack),Pawel Blaszczak
Fearless,Fearless,Lost Sky
Ark,Ark,Star Party
Ark,Ark,Star Party
Mortals,Mortals,Warriyo
Horizon,Dying Light (Original Game Soundtrack),Pawel Blaszczak
Supersonic,Supersonic,Rob Gasser
Feel Good,Feel Good,Syn Cole
Fearless Pt. II,NCS: The Best of 2017,Various Artists
Horizon,Dying Light (Original Game Soundtrack),Pawel Blaszczak
Mortals,Mortals,Warriyo
Fearless,Fearless,Lost Sky
Blank,Blank,Disfigure
Symbolism,Symbolism,Electro-Light
Symbolism,Symbolism,Electro-Light
Blank,Blank,Disfigure
On & On,On & On,Cartoon
On & On,On & On,Cartoon
Invincible,Invincible,Deaf Kev
Invincible,Invincible,Deaf Kev
Sky High,Sky High,Elektronomia
Nekozilla,NCS: Infinity,Various Artists
Firefly,Firefly,Jim Yosef
Hope (Original Mix),Hope,Tobu
